customer_id,customer_firstname,customer_lastname,customer_email,customer_address,customer_city,customer_state,customer_zip,customer_phone
CUST0001,Timothy,Hill,mdavila@example.com,32678 Jacob Motorway,Kennethfurt,MT,04060,001-664-750-6877x340
CUST0002,Courtney,Allen,contrerasnoah@example.com,242 Aguilar Mountains,Davisside,FM,79143,969-419-8548
CUST0003,Joel,Tanner,hendersonveronica@example.net,55651 Heidi Manor Suite 497,North Rebeccaview,CA,59712,(631)787-4350x7421
CUST0004,Ryan,Wright,anthony29@example.org,70933 Victoria Orchard,Patriciatown,OH,05821,(862)646-2951
CUST0005,Julie,Gentry,jrogers@example.com,3803 Daniel Stravenue Suite 243,Taylorberg,UT,64838,631.529.0060x808
CUST0006,Meagan,Johnson,elizabeth85@example.com,137 Nicole Way Apt. 942,Port Emilyport,NE,37903,541-752-4036x7164
CUST0007,Matthew,Vasquez,qgarza@example.com,7667 Henderson Square Apt. 053,West Anthony,CO,41786,001-349-621-5573x152
CUST0008,Bruce,Harrell,mmcdaniel@example.com,27488 Brown Throughway,Adamhaven,LA,42816,750.739.8932x0375
CUST0009,Thomas,Frey,normahart@example.org,7642 Andrew Landing Apt. 634,Michaelfurt,WA,55918,+1-299-788-5723
CUST0010,Margaret,Hernandez,jean25@example.org,05990 Alex Viaduct Apt. 974,New Deanna,DC,56095,524-868-8814x31655
CUST0011,Stephen,Lewis,zwaller@example.net,9504 Mcdowell Common Suite 282,Jessicamouth,PR,64204,001-609-722-8935x8082
CUST0012,Jessica,Lee,zacharybrooks@example.net,9818 Joseph Circles,Bradychester,VA,03916,+1-572-617-3714x214
CUST0013,Emily,Mayo,christopher55@example.net,773 Jason Squares Apt. 443,Wilsonfort,WA,56887,001-476-627-7459x485
CUST0014,Timothy,Turner,jenna49@example.net,1073 Joshua Street,West Tracy,SC,20378,709-252-4098x4226
CUST0015,Kristi,Curry,rdavidson@example.org,1556 Anderson Square,Ericatown,NH,82529,4475405859
CUST0016,Manuel,Sanders,scurtis@example.org,393 Wendy Shoal,Stephanieside,WV,17701,464-356-9204
CUST0017,Christine,Simmons,xburke@example.net,41390 Moses Summit Apt. 219,Garciaburgh,ID,59803,602-870-1958x572
CUST0018,Juan,Allen,breanna93@example.net,1027 Anna Rapids Suite 101,Christinemouth,MD,75012,356-484-3998x031
CUST0019,Cheryl,White,theresa67@example.net,113 Li Forge Suite 066,New Nathanielshire,UT,24119,4705551158
CUST0020,Amy,Fernandez,kimberly33@example.org,36307 Delgado Manors Suite 033,Rebeccaside,UT,11147,6982618919
CUST0021,Lori,Johnson,lwoodard@example.com,918 Andrew Row,Wendyfurt,NC,29063,704.800.5698x29114
CUST0022,Alexandria,Reed,smeyer@example.net,758 Washington Centers,South Nathanchester,NC,56513,3472737613
CUST0023,Emily,Summers,tracymitchell@example.org,0808 Stephanie Lights Suite 475,Boothside,KY,90235,323.607.5800
CUST0024,Jennifer,Guerrero,cdavis@example.org,946 Anderson Run Apt. 552,Gonzalezport,RI,30251,423-227-7882x7915
CUST0025,Karen,Vaughn,thomashester@example.net,1006 Smith Ridges Apt. 620,Port Wanda,PW,80772,850-669-4330
CUST0026,Ryan,Webster,gmeyers@example.com,1591 Downs Rapid,New Angelamouth,MD,29959,817-828-2225
CUST0027,Suzanne,Ramirez,kimberlycalderon@example.com,4218 Kent View,West Jacquelineville,NV,47238,(645)403-3644x073
CUST0028,Shelly,Snyder,rodneystevenson@example.net,05488 Vega Lights,Lake Jessicaburgh,OK,17967,933-561-1212
CUST0029,Thomas,Wu,jose87@example.net,791 Anderson Trail,North Dianeborough,HI,44599,001-391-979-3543x336
CUST0030,Sara,Hernandez,charlesmalone@example.org,63737 William Ridges Apt. 585,Brianmouth,WY,28666,492.494.3213x376
CUST0031,Tyrone,Callahan,carpentersarah@example.net,63906 Nelson Shores,North Bruceland,KS,42589,(355)712-2670
CUST0032,Alex,Contreras,robert08@example.org,12016 Brown Radial Apt. 658,Jamesside,NV,13835,001-282-367-1578x95371
CUST0033,Jerry,Owens,patrick13@example.org,40391 Christopher Well,Michaelshire,MP,11753,+1-786-914-0887x9539
CUST0034,Joseph,Smith,teresawelch@example.com,4555 Jonathan Center Suite 927,Lake Williamchester,NH,69846,001-248-739-3171x4073
CUST0035,Angela,Harrington,yodercrystal@example.org,8373 Foster Plaza,North Rodneychester,IN,57610,(445)521-8928
CUST0036,Robert,Wong,thomaslester@example.org,077 Micheal Points Suite 135,West Scott,ME,64937,001-446-736-8269x15185
CUST0037,Denise,Owen,courtneycooke@example.net,028 Stewart Lock Suite 715,New James,MH,76988,6454304466
CUST0038,Rachel,Murphy,kyle55@example.com,1195 Garner Gateway,South Stevenmouth,WI,83148,301.849.6973x4426
CUST0039,Gina,Peterson,dominicdunn@example.net,10283 Donald Underpass,Benjaminland,AK,24578,(269)668-3959x91473
CUST0040,Melissa,Mccullough,christopherlopez@example.org,500 Moore Islands Apt. 776,Diazberg,NV,24528,(920)771-2006x2330
CUST0041,Sherri,Yang,alan73@example.net,21939 Bridget Well,East Michael,AZ,05444,+1-475-674-0705x3707
CUST0042,Matthew,Casey,zmurray@example.com,35954 Tran Forge Apt. 733,New Matthewfort,TX,04258,288.541.6596x2727
CUST0043,Jennifer,Pena,twallace@example.org,9125 Alejandro Landing Apt. 676,East Jason,KY,45045,(709)386-1019x87678
CUST0044,Kyle,Smith,fcastro@example.net,2711 Graves Tunnel,Longberg,OR,43191,514.885.5768x51674
CUST0045,Kenneth,Smith,morrowwyatt@example.org,1712 Lisa Land Suite 852,Masonport,PR,20869,523-391-8150
CUST0046,Alejandra,Smith,robertmatthews@example.net,16809 Tracy Ways,Lake Elizabethchester,MA,81141,866.550.5061x1007
CUST0047,Justin,Davis,peter14@example.com,11371 Hutchinson Divide Apt. 398,Freemanland,PW,15115,6167908211
CUST0048,Mark,Grant,christinemcdowell@example.org,3238 Justin Center,New Jennifer,MD,69492,001-708-338-4423x690
CUST0049,Nicholas,Powers,ethomas@example.org,058 Ortega Cliffs Suite 811,New Kristiborough,FL,21957,535-262-9932x961
CUST0050,Jeremy,Cohen,joel51@example.com,495 Lisa Villages Apt. 094,Port Ericaside,HI,42152,(849)769-8305
CUST0051,James,Rivera,ginawheeler@example.net,79613 Mark Bridge,South Carrie,MP,58522,+1-334-273-9757x21237
CUST0052,Mary,Pope,smithbrian@example.com,137 Rojas Inlet Apt. 993,North Ryan,MP,73865,412-968-0494x089
CUST0053,Heidi,Stephens,dhenry@example.com,08140 Jennifer Underpass,Moralesstad,MA,32163,274.615.0498
CUST0054,Rhonda,Miller,taralee@example.net,91708 Angela Port Apt. 719,Smithville,CO,94591,8082501687
CUST0055,Laura,Irwin,marvin85@example.net,61495 Kelly Parkways Suite 136,East Melaniechester,NH,77147,+1-985-301-5613x1258
CUST0056,Sabrina,Mcclain,wilsonjames@example.net,6729 Johnson Fork Apt. 867,East Deborahport,WI,86966,825-361-5340
CUST0057,Devin,Gonzales,boothjon@example.org,45778 Katelyn Unions,Lake Louisfurt,CO,28350,714-669-3087x61507
CUST0058,Rebecca,Bush,bethgonzalez@example.org,420 Rivera Port Suite 873,East Andreamouth,TX,17021,001-320-365-4351x321
CUST0059,Connor,Jones,cummingsjohn@example.org,291 Jerry Vista,Port Michaela,MD,11007,561-586-3548x10825
CUST0060,Mckenzie,Webb,marilynlopez@example.net,2106 Justin Locks Suite 913,Lake Kaylaton,MH,50434,4025289089
CUST0061,Michael,Garcia,brittanyshepherd@example.com,941 Price Course,South Michaelhaven,ME,01707,968.769.0706x167
CUST0062,John,Snyder,kellybraun@example.net,165 Moody Road,Joeland,GA,90331,8955262540
CUST0063,Lisa,Schultz,ymcdonald@example.net,47828 West Park Suite 832,Herrerastad,LA,14250,501.348.2265x1996
CUST0064,Antonio,Owens,wilsonvickie@example.com,5199 Riley Trace,Jeffreymouth,WV,05296,001-879-560-2119x00676
CUST0065,James,Young,roberttaylor@example.com,08719 Anthony Stravenue Apt. 940,Lake Gary,MH,41932,4647192615
CUST0066,Molly,Warren,brandon41@example.net,22347 Kevin Burg Suite 282,Tonyafurt,MP,82198,001-743-460-5859x5739
CUST0067,Andrew,Hill,denise18@example.com,2969 Haney Canyon,Lake Jenniferbury,WA,53816,781.204.2758x4610
CUST0068,Nathaniel,Walker,walter59@example.org,2528 Silva Roads Apt. 937,Calvinbury,RI,80132,(306)895-9195x94171
CUST0069,Mitchell,Smith,corteztheresa@example.net,530 Barnes Orchard,Mccarthytown,CO,86968,001-244-557-2730x220
CUST0070,Larry,Walker,angelica64@example.com,407 Smith Mills,East Nicoleville,NV,69184,568.284.1235
CUST0071,Meagan,Ochoa,andrew96@example.com,8756 Brian Villages,West Brandon,SD,51290,001-529-435-9549x942
CUST0072,Jessica,Peters,kcarter@example.org,37981 Gutierrez Stravenue Apt. 439,Carsonton,TN,66757,9799775370
CUST0073,Jill,Barker,mary55@example.org,14810 Jocelyn Stream,New Briannashire,IL,74959,(890)954-6134
CUST0074,Julie,Friedman,chasewilliams@example.org,7961 Jeremiah Circle Apt. 021,Moranview,KY,65005,541-498-3485x73060
CUST0075,Heather,Henderson,kevin29@example.org,313 Kayla View Suite 802,Lake Sarahstad,KY,65584,(538)973-4073
CUST0076,Amber,Webb,abigail07@example.net,47603 Gregory Spring,West Jeremy,VI,02634,(349)556-5925x8244
CUST0077,Patricia,Anderson,charlesgordon@example.com,438 Duran Ranch,Jonesside,MP,20222,(979)384-4635x3544
CUST0078,Philip,Murphy,browninglisa@example.org,6180 Robbins Plaza,North Aaron,KY,49848,(280)307-5432x837
CUST0079,Anthony,Martin,jamesdixon@example.org,2763 Angelica Lodge Apt. 906,North Brandonbury,MI,18984,001-679-757-2741x1857
CUST0080,Marc,Myers,brandiwoodward@example.org,580 Blair Park Apt. 801,Lake Lynnfurt,CA,84384,+1-473-818-1500x19782
CUST0081,Andrew,Russell,juanfields@example.com,28473 Rodriguez Mills Apt. 640,South Matthewside,CA,65057,748-909-4602
CUST0082,Felicia,Lara,freemanstephanie@example.org,7698 Richard Ranch Suite 120,Port Garrett,VT,96901,356.914.1112x90170
CUST0083,Derrick,Cross,edwardrobbins@example.org,02303 Wilkerson Loaf,Torresview,OH,45555,+1-539-259-8375x256
CUST0084,Susan,Garcia,hintonashley@example.com,86806 Michael Path Suite 851,Colebury,AL,78773,+1-331-995-1030x368
CUST0085,Sharon,Crawford,imiller@example.org,66974 Angela Manors Apt. 686,South Kimberly,WI,59726,(238)235-0740
CUST0086,Heather,Mccann,mochoa@example.org,72672 Guzman Lodge Suite 786,Lake David,TX,71793,(706)564-2735x5685
CUST0087,John,Sharp,halljoshua@example.com,4022 Wilson Run Suite 536,Lake Kayla,KS,69646,(486)313-9589
CUST0088,Stephen,Walker,olong@example.org,77094 Buckley Unions,Lake Emily,DE,41050,883-945-2030x9253
CUST0089,Dylan,Orozco,lfarley@example.org,036 Sheila Manors Apt. 388,New Maryside,PW,58800,776-451-8162x5374
CUST0090,Andrew,Chen,andrewjones@example.net,7763 Leonard Parks,Clintonmouth,WI,30052,+1-973-351-5086x4794
CUST0091,Megan,Golden,danielskyle@example.com,6443 Jean Vista,Lake Daniel,NV,29086,(308)944-3420
CUST0092,Susan,Cook,richard22@example.com,912 Scott Inlet,East Angelaberg,IA,71673,(615)713-5234x2882
CUST0093,Amanda,Richardson,steven88@example.org,470 Kathleen Falls Apt. 466,Lake Sarahstad,WY,34452,(467)888-7318
CUST0094,Sarah,Kirk,christopher75@example.com,0725 David Valley Apt. 290,West Josephmouth,WA,32019,(205)935-1155
CUST0095,Peter,Jones,hwilson@example.org,57585 Arthur Roads,New David,AR,49341,(353)518-0701
CUST0096,Melanie,Palmer,christopheraguirre@example.com,556 Kramer Viaduct Suite 459,South Jaredmouth,AR,15893,+1-328-213-2312x9189
CUST0097,Kathleen,Bruce,isaiahevans@example.net,4382 Cook Forges,Tricialand,ID,22514,255-412-2949x42384
CUST0098,Mark,Henry,brownheidi@example.org,01804 Rachel Gardens Suite 921,West Diana,MP,23165,4675105703
CUST0099,Allison,Howard,lmiller@example.org,91245 Doyle Squares Apt. 575,Ryanview,GU,83493,(392)754-9042x921
CUST0100,Kerri,Wilson,wendy96@example.org,007 Lewis Harbors,Floresville,OK,54358,271-989-0230x76416
